{
	"headerStartRow": 1,
	"dataStartRow": 4,
	"columnDefinitions": [
		{
			"sourceName": "APIR CODE",
			"targetName": "apirCd",
			"columnIdx": 0
		},
		{
			"sourceName": "FUND NAME",
			"targetName": "fundName",
			"columnIdx": 0
		},
		{
			"sourceName": "% of Net Assets",
			"targetName": "netAssetPercent",
			"columnIdx": 0
		}
	],
	"validationRules": [
		{
			"key": "#apirCd",
			"expression": "#apirCd?.length() <= 9",
			"message": "'apirCd must ' + #apirCd + ' be between 0 and 9 characters '"
		}
	],
	"groupValidationRules": [
		{
			"key": "#calcTotal(#dataSet,'netAssetPercent')",
			"expression": " #isValueWithinThresHold(#value,'100','0.000001')  ",
			"message": "'netAssetPercent ' + #value + ' must equal to 100'"
		}
	],
	"sectionValidationRules": [
		{
			"key": "#isSectionBreak(#row,'APIR Code')",
			"expression": "#isSectionBreak(#row,'APIR Code')",
			"message": "section break"
		},
		{
			"key": "#isSectionBreak(#row,'APIR Code')",
			"expression": " (apirCd != null and fundName == null) ",
			"message": "section break"
		}
	]
}