{
	"headerStartRow": 0,
	"dataStartRow": 1,
	"columnDefinitions": [
		{
			"sourceName": "APIR Code",
			"targetName": "apirCd",
			"columnIdx": 0
		},
		{
			"sourceName": "Fund Name",
			"targetName": "fundName",
			"columnIdx": 0
		},
		{
			"sourceName": "SEDOL",
			"targetName": "sedol",
			"columnIdx": 0
		},
		{
			"sourceName": "Security Name",
			"targetName": "securityName",
			"columnIdx": 0
		},
		{
			"sourceName": "% Portfolio",
			"targetName": "absPortfolioWeight",
			"columnIdx": 0
		},
		{
			"sourceName": "Holding Date",
			"targetName": "holdingDate",
			"columnIdx": 0
		},
		{
			"sourceName": "ISIN",
			"targetName": "isin",
			"columnIdx": 0
		}
	],
	"validationRules": [
		{
			"key": "#apirCd",
			"expression": "#apirCd?.length() <= 9",
			"message": "'apirCd must ' + #apirCd + ' be between 0 and 9 characters '"
		},
		{
			"key": "#securityName",
			"expression": "(#securityName?.length() <= 80)",
			"message": "'securityName must ' + #securityName + ' be between 0 and 22 characters '"
		},
		{
			"key": "#isin",
			"expression": "(#isin eq null or #isValidISIN(#isin))",
			"message": "'isin ' + #isin + ' check digit is invalid'"
		}
	]
}