{
	"headerStartRow": 13,
	"dataStartRow": 14,
	"columnDefinitions": [
		{
			"sourceName": "APIR Code",
			"targetName": "apirCd",
			"columnIdx": 0
		},
		{
			"sourceName": "ISIN",
			"targetName": "isin",
			"columnIdx": 0
		},				
		{
			"sourceName": "Investment Type",
			"targetName": "investmentType",
			"columnIdx": 0
		},				
		{
			"sourceName": "% Net Assets",
			"targetName": "fundWeight",
			"columnIdx": 0
		}
	],
	"validationRules": [
		{
			"key": "#apirCd",
			"expression": "(#apirCd?.length() <= 9)",
			"message": "'apirCd must ' + #apirCd + ' be between 0 and 9 characters '"
		},
		{
			"key": "#isin",
			"expression": " (#investmentType eq 'EQUITIES') ? #isValidISIN(#isin) :  true   ",
			"message": "'isin ' + #isin + ' check digit is invalid'"
		}
	],
	"groupValidationRules": [
		{
			"key": "#calcTotal(#dataSet,'fundWeight')",
			"expression": " #isValueWithinThresHold(#value,'100','0.1')  ",
			"message": "'fundWeight ' + #value + ' must equal to 100'"
		}
	]
}